id,phone,email,name,age
1,403-963-4025,pmoran0@over-blog.com,Philbert Moran,18
2,620-123-2324,mstyan1@woothemes.com,Mateo Styan,22
3,242-761-7765,sneeson2@topsy.com,Sophie Neeson,33
4,726-471-3030,bbockh3@mozilla.com,Brandice Bockh,46
5,380-923-7172,nlagadu4@nyu.edu,Natalya Lagadu,41
6,346-609-5238,tkimmings5@vimeo.com,Tab Kimmings,46
7,632-785-6804,cby6@whitehouse.gov,Charmain By,59
8,798-751-9841,atapping7@wp.com,Antonio Tapping,39
9,502-402-7188,sletterick8@nyu.edu,Sukey Letterick,23
10,186-310-6479,bstobbes9@facebook.com,Briano Stobbes,31
11,258-692-2622,rmcbradya@blogtalkradio.com,Rori McBrady,27
12,330-753-3768,eklaaassenb@timesonline.co.uk,Eada Klaaassen,33
13,809-552-8326,jgiddinsc@google.fr,Johann Giddins,52
14,383-562-9982,bguiduccid@macromedia.com,Brewster Guiducci,53
15,365-372-1078,dpendreye@mayoclinic.com,Desiree Pendrey,37
16,145-399-2520,sbythellf@wsj.com,Skippy Bythell,25
17,596-426-3839,ccarillog@mapquest.com,Corie Carillo,16
18,376-940-7902,gtocqueh@360.cn,Galina Tocque,56
19,631-305-7548,ltookilli@state.gov,Leroy Tookill,49
20,388-930-9810,ypadrickj@cnbc.com,Yorgo Padrick,49
21,920-229-2245,plawleffk@scientificamerican.com,Putnam Lawleff,56
22,437-674-7201,nwharltonl@imgur.com,Natassia Wharlton,27
23,951-336-1094,pstittm@usgs.gov,Philis Stitt,56
24,587-892-8203,loleshuninn@over-blog.com,Lloyd Oleshunin,23
25,520-942-0014,tdinano@biblegateway.com,Tanhya Dinan,40
26,646-638-3050,mprittyp@wunderground.com,Martina Pritty,52
27,510-630-2345,banniceq@skype.com,Berenice Annice,50
28,365-752-2635,hparduer@sourceforge.net,Holly Pardue,57
29,776-715-3761,dlawrys@bloomberg.com,Denys Lawry,52
30,719-955-2001,rsorbeyt@artisteer.com,Rodrique Sorbey,16
31,741-209-7878,rjandaku@canalblog.com,Ranice Jandak,36
32,850-779-7628,rgonnelyv@about.com,Roldan Gonnely,28
33,935-152-3440,aelingtonw@dagondesign.com,Allison Elington,34
34,750-688-1080,hkelloughx@ustream.tv,Hamlin Kellough,47
35,107-458-8707,lmcclellandy@tripod.com,Laughton McClelland,52
36,958-302-5929,rgillardz@quantcast.com,Romona Gillard,57
37,259-308-6257,lcaley10@cam.ac.uk,Larry Caley,22
38,398-243-7475,tnisard11@wikipedia.org,Tulley Nisard,42
39,515-888-8540,nlancashire12@harvard.edu,Nathanael Lancashire,46
40,104-933-7128,rloffel13@wix.com,Robinet Loffel,24
41,982-235-6803,jsimo14@freewebs.com,Joyann Simo,19
42,429-837-3778,abellefonte15@hhs.gov,Agnese Bellefonte,22
43,323-466-8437,gberns16@ed.gov,Gennie Berns,47
44,344-311-9773,tburley17@fema.gov,Torie Burley,27
45,126-732-5684,dkilmartin18@jalbum.net,Deerdre Kilmartin,27
46,165-540-7365,episco19@google.com.br,Erena Pisco,27
47,428-173-3282,aerrol1a@home.pl,Ajay Errol,41
48,470-776-2052,amangeon1b@edublogs.org,Aurelia Mangeon,25
49,333-601-7660,cboc1c@squarespace.com,Christine Boc,55
50,179-278-9400,tduncombe1d@cafepress.com,Tim Duncombe,54
51,310-554-8931,ahassur1e@zimbio.com,Arlee Hassur,37
52,348-130-6884,klomasney1f@netvibes.com,Kort Lomasney,51
53,864-194-3915,vvarian1g@redcross.org,Vere Varian,37
54,701-767-8381,mbehninck1h@yahoo.co.jp,Melinde Behninck,17
55,346-433-7955,cakid1i@chron.com,Cariotta Akid,16
56,473-858-9222,mdosdill1j@prweb.com,Maryjane Dosdill,21
57,649-853-9308,mgraber1k@imdb.com,Malinda Graber,54
58,685-281-8916,wkrzyzowski1l@goo.gl,Winnie Krzyzowski,57
59,667-521-1315,amadge1m@foxnews.com,Aleksandr Madge,25
60,172-980-8504,csouthouse1n@home.pl,Calv Southouse,54
61,908-870-5066,lreinbeck1o@usa.gov,Lilia Reinbeck,37
62,667-359-6794,jfratson1p@cloudflare.com,Jenica Fratson,17
63,894-311-8571,kshatliffe1q@trellian.com,Konstance Shatliffe,36
64,749-792-0399,charfoot1r@last.fm,Cacilia Harfoot,17
65,404-255-9607,asomerled1s@google.co.uk,Anni Somerled,51
66,390-257-5678,cjohanchon1t@merriam-webster.com,Clio Johanchon,16
67,200-661-0285,ncudworth1u@ehow.com,Noelle Cudworth,60
68,660-831-2394,araw1v@irs.gov,Amabelle Raw,48
69,429-554-6186,mwingatt1w@opera.com,Mable Wingatt,33
70,500-334-4427,jcalliss1x@newyorker.com,Jonell Calliss,46
71,180-719-0139,apavel1y@bing.com,Andrei Pavel,26
72,275-847-3648,wgerriet1z@scientificamerican.com,Waylin Gerriet,16
73,878-517-6372,fmollin20@tripod.com,Flynn Mollin,24
74,429-234-6530,eburgum21@geocities.jp,Eachelle Burgum,49
75,588-793-7768,grobins22@imdb.com,Gina Robins,31
76,563-629-9627,mmcilmurray23@home.pl,Masha McIlmurray,38
77,461-494-5739,nfutter24@weebly.com,Nikolai Futter,40
78,165-615-2720,gfearnill25@google.co.jp,Gunther Fearnill,25
79,579-923-5247,rconduit26@linkedin.com,Robinet Conduit,55
80,225-566-8925,ddelmage27@home.pl,Dulcie Delmage,50
81,131-208-2191,oeastgate28@goodreads.com,Opal Eastgate,56
82,779-326-3710,fhyett29@w3.org,Fawne Hyett,52
83,379-316-5596,ccottey2a@a8.net,Candra Cottey,36
84,211-444-1030,fnevett2b@joomla.org,Frayda Nevett,45
85,408-128-2656,snorthey2c@toplist.cz,Stefano Northey,60
86,863-336-2317,cdundredge2d@answers.com,Carly Dundredge,44
87,895-478-9787,pbabalola2e@bigcartel.com,Patin Babalola,36
88,401-109-9165,jramme2f@miitbeian.gov.cn,Jorry Ramme,24
89,541-703-5128,dpippin2g@comsenz.com,Dov Pippin,24
90,629-303-5456,msyncke2h@bluehost.com,Mariejeanne Syncke,32
91,876-595-5426,shauger2i@loc.gov,Syd Hauger,44
92,858-744-1581,dcoatsworth2j@yale.edu,Derril Coatsworth,57
93,894-341-4911,eviant2k@ifeng.com,Eryn Viant,60
94,351-452-6903,bburkman2l@google.co.uk,Berty Burkman,28
95,343-259-2317,jbeesey2m@adobe.com,Jane Beesey,53
96,235-133-7782,vhardacre2n@nationalgeographic.com,Valera Hardacre,28
97,949-133-1121,jpentelo2o@disqus.com,Jude Pentelo,17
98,733-964-2989,mviles2p@bravesites.com,Mellie Viles,19
99,952-713-1118,mstockton2q@marriott.com,Margarete Stockton,23
100,613-504-1514,hruzicka2r@t-online.de,Holmes Ruzicka,35
101,657-992-4067,rgillhespy2s@privacy.gov.au,Rica Gillhespy,23
102,408-311-4533,aelwel2t@friendfeed.com,Anthea Elwel,51
103,766-871-7171,jthreadkell2u@myspace.com,Jaynell Threadkell,43
104,690-716-3881,ibrunn2v@com.com,Ingelbert Brunn,29
105,868-777-5413,nwinny2w@twitpic.com,Nolie Winny,47
106,113-819-0986,wgrafham2x@admin.ch,Wilhelmina Grafham,26
107,424-591-4968,jfrayn2y@wordpress.org,Jessika Frayn,57
108,867-729-4928,sbecconsall2z@theguardian.com,Susette Becconsall,21
109,771-825-0065,dderrington30@sciencedaily.com,Delphinia Derrington,22
110,567-374-5898,rpidduck31@nyu.edu,Rebbecca Pidduck,56
111,664-845-8922,voxterby32@dropbox.com,Violet Oxterby,20
112,700-608-6660,gtankard33@theglobeandmail.com,Geno Tankard,25
113,961-615-5472,mpepon34@disqus.com,Minette Pepon,19
114,198-433-9601,ngerge35@dell.com,Natasha Gerge,39
115,231-885-4135,ekeyhoe36@europa.eu,Emelyne Keyhoe,46
116,669-151-9180,jmorston37@odnoklassniki.ru,Joanne Morston,48
117,869-679-8986,rbruckshaw38@dedecms.com,Robyn Bruckshaw,41
118,641-937-6935,bmendenhall39@fc2.com,Bryanty Mendenhall,59
119,504-917-6721,akarle3a@examiner.com,Auria Karle,37
120,972-265-8377,rrainer3b@elpais.com,Richmond Rainer,22
121,731-420-8122,dscinelli3c@hatena.ne.jp,Dotti Scinelli,55
122,292-143-7144,lbickers3d@unicef.org,Lanie Bickers,45
123,867-548-7449,sbraga3e@weebly.com,Sigismundo Braga,55
124,755-629-3283,codee3f@unblog.fr,Christiane O'Dee,33
125,235-735-9182,gcleobury3g@blogger.com,Giacinta Cleobury,32
126,834-500-8838,lbrosoli3h@list-manage.com,Lorrie Brosoli,28
127,433-745-0211,sdagger3i@mashable.com,Sheena Dagger,29
128,360-586-3209,djohnson3j@howstuffworks.com,Didi Johnson,22
129,378-106-0776,jlegrice3k@livejournal.com,Jessy Legrice,19
130,322-420-9001,hdowtry3l@photobucket.com,Homer Dowtry,31
131,361-127-3578,kpadley3m@samsung.com,Kahlil Padley,44
132,291-511-1001,cdavidowich3n@baidu.com,Curr Davidowich,47
133,879-370-1443,hphetteplace3o@digg.com,Horatius Phetteplace,16
134,293-383-4181,esanday3p@wunderground.com,Elden Sanday,43
135,970-884-2946,kscogin3q@toplist.cz,Kylila Scogin,26
136,609-867-9976,ljeavon3r@cnet.com,Ladonna Jeavon,41
137,968-416-4477,cboustead3s@vinaora.com,Cammie Boustead,19
138,251-193-1657,nsimoes3t@vistaprint.com,Niki Simoes,22
139,945-560-6894,mmayhow3u@ftc.gov,Marieann Mayhow,46
140,798-257-5625,jokenden3v@gizmodo.com,Jeddy Okenden,27
141,889-266-9329,sread3w@eventbrite.com,Sophronia Read,38
142,302-365-7804,bmacculloch3x@infoseek.co.jp,Batsheva MacCulloch,46
143,696-441-7647,wwithur3y@prweb.com,Wilbert Withur,20
144,908-742-2249,jgrasser3z@admin.ch,Janna Grasser,41
145,117-352-9142,nberetta40@noaa.gov,Ninetta Beretta,18
146,708-439-0619,escambler41@wikispaces.com,Eva Scambler,42
147,524-298-4972,gmaffin42@360.cn,Gisela Maffin,53
148,987-517-5534,kclynter43@nbcnews.com,Kimmi Clynter,41
149,405-533-0553,ewolfit44@devhub.com,Erek Wolfit,34
150,423-311-7258,ngolling45@skype.com,Nanni Golling,33
151,950-456-9668,couldcott46@hugedomains.com,Carr Ouldcott,33
152,318-189-5814,ypettisall47@ocn.ne.jp,Yehudit Pettisall,44
153,612-438-5069,awales48@rediff.com,Aliza Wales,50
154,635-148-1721,nroze49@businessinsider.com,Noni Roze,53
155,730-547-5775,satthowe4a@rambler.ru,Sande Atthowe,24
156,968-892-6435,cmarskell4b@friendfeed.com,Cole Marskell,32
157,966-825-6241,fsine4c@hibu.com,Freddi Sine,60
158,685-154-6250,cpleuman4d@cnn.com,Cesaro Pleuman,47
159,813-960-3702,nmcwhinnie4e@wikimedia.org,Nonah McWhinnie,46
160,961-639-1732,lvalerio4f@cnn.com,Lara Valerio,34
161,727-456-7175,evockins4g@ucsd.edu,Edan Vockins,50
162,315-593-6304,otollet4h@addthis.com,Oswell Tollet,45
163,916-923-7281,regdale4i@miitbeian.gov.cn,Ricky Egdale,46
164,193-600-5640,lbees4j@aboutads.info,Lorry Bees,56
165,163-608-1215,blepard4k@nymag.com,Bev Lepard,40
166,576-306-3284,ldeehan4l@merriam-webster.com,Lynna Deehan,50
167,506-620-7511,hslevin4m@china.com.cn,Hubey Slevin,48
168,150-710-3252,tfleckney4n@chicagotribune.com,Tatiana Fleckney,36
169,682-120-6697,aleat4o@ucla.edu,Asia Leat,56
170,729-806-9340,fskettles4p@imageshack.us,Florentia Skettles,56
171,771-728-0761,jkoenraad4q@csmonitor.com,Janos Koenraad,44
172,932-566-7679,apostans4r@bigcartel.com,Aaren Postans,59
173,432-328-1207,dcannam4s@macromedia.com,Dalia Cannam,43
174,889-563-5721,wboulds4t@delicious.com,Waldemar Boulds,27
175,671-696-1448,manney4u@newyorker.com,Meaghan Anney,52
176,543-172-5339,dravens4v@geocities.com,Dru Ravens,46
177,976-718-9091,pkippling4w@japanpost.jp,Persis Kippling,60
178,384-217-7755,mdaveren4x@lycos.com,Michail Daveren,54
179,133-766-9506,jroscher4y@ed.gov,Jaquelin Roscher,58
180,459-148-9877,ngoldin4z@bluehost.com,Niki Goldin,30
181,728-207-0533,adowning50@freewebs.com,Amanda Downing,33
182,250-100-1595,vpendered51@ucoz.com,Vick Pendered,38
183,882-651-2275,cmckiddin52@ibm.com,Chauncey McKiddin,46
184,908-374-0153,mnapoleon53@japanpost.jp,Madeleine Napoleon,28
185,637-165-1676,mdeary54@senate.gov,Manya Deary,37
186,310-723-8252,rpriestnall55@sohu.com,Rudd Priestnall,23
187,237-495-8889,rstuchberry56@epa.gov,Rebe Stuchberry,33
188,805-523-8847,erosle57@pagesperso-orange.fr,Euell Rosle,35
189,883-172-9203,cfaircliffe58@latimes.com,Chrisy Faircliffe,30
190,534-447-7921,aalebrooke59@goo.ne.jp,Arlana Alebrooke,17
191,706-175-5065,dzavattero5a@cdbaby.com,Drugi Zavattero,60
192,908-868-9071,sbrownbridge5b@icio.us,Sarajane Brownbridge,35
193,878-609-2879,grapkins5c@goo.ne.jp,Gwenneth Rapkins,34
194,915-324-3753,fcattell5d@dailymail.co.uk,Felix Cattell,32
195,396-914-9209,ayoxen5e@cargocollective.com,Andre Yoxen,50
196,586-852-6171,tvayne5f@earthlink.net,Tadeas Vayne,53
197,775-427-8157,hhartin5g@g.co,Heidi Hartin,51
198,608-555-1084,bmiguel5h@yellowpages.com,Brandise Miguel,47
199,138-898-2061,lcason5i@jigsy.com,Lorraine Cason,30
200,256-497-0477,atrolley5j@cdc.gov,Amalle Trolley,23
201,518-922-0089,nsendall5k@google.ru,Nicolina Sendall,22
202,354-396-2953,emcallister5l@livejournal.com,Elaina McAllister,51
203,131-699-1273,djanowski5m@ustream.tv,Devora Janowski,34
204,870-480-1414,lpinxton5n@usnews.com,Leela Pinxton,41
205,205-427-2497,rmcboyle5o@china.com.cn,Rollie McBoyle,58
206,832-911-7423,jhartwell5p@sbwire.com,Joscelin Hartwell,24
207,995-579-0854,lknifton5q@upenn.edu,Lusa Knifton,25
208,829-851-7538,rbagenal5r@1und1.de,Reidar Bagenal,25
209,916-112-3589,heglington5s@soundcloud.com,Herbert Eglington,26
210,986-627-9085,cdesquesnes5t@addtoany.com,Craggie Desquesnes,51
211,445-511-5116,lstanes5u@senate.gov,Livy Stanes,36
212,136-325-9076,kshoubridge5v@facebook.com,Konrad Shoubridge,22
213,289-387-8235,jhapper5w@dagondesign.com,Juliann Happer,51
214,794-234-3366,evarlow5x@chronoengine.com,Eda Varlow,50
215,728-743-8744,aberzon5y@shutterfly.com,Alard Berzon,31
216,950-850-7256,pwaberer5z@shop-pro.jp,Parke Waberer,53
217,969-854-4797,rraulin60@mediafire.com,Rafferty Raulin,39
218,756-258-3891,kphillput61@google.com,Korie Phillput,52
219,734-809-7712,cgatrell62@howstuffworks.com,Cary Gatrell,52
220,568-856-5302,talgore63@topsy.com,Ted Algore,29
221,812-232-0110,dwaight64@globo.com,Deeyn Waight,38
222,839-314-2427,ydraayer65@ox.ac.uk,Yolanda Draayer,22
223,243-678-2979,oesberger66@aboutads.info,Orel Esberger,44
224,915-110-2906,skliesl67@free.fr,Shelley Kliesl,30
225,185-208-6179,rlaven68@ca.gov,Robert Laven,49
226,671-997-5601,lbristoe69@google.fr,Land Bristoe,25
227,414-391-6448,cdallywater6a@opensource.org,Chev Dallywater,55
228,614-240-8280,rbolletti6b@loc.gov,Reese Bolletti,43
229,683-491-0821,kboullen6c@networksolutions.com,Kennith Boullen,38
230,989-395-2562,pzimmermeister6d@fema.gov,Piggy Zimmermeister,37
231,549-121-3747,jmorgen6e@businessinsider.com,Juditha Morgen,24
232,843-420-6585,dscanlin6f@unicef.org,Deina Scanlin,47
233,199-718-6765,sarnfield6g@businesswire.com,Sheff Arnfield,16
234,900-797-6005,gfilipchikov6h@uol.com.br,Grenville Filipchikov,30
235,464-299-3297,bmalsher6i@alibaba.com,Barry Malsher,59
236,414-941-2337,derickssen6j@tinypic.com,Dani Erickssen,46
237,638-272-7411,pabethell6k@yandex.ru,Pauletta Abethell,41
238,516-835-1593,csingyard6l@sfgate.com,Concordia Singyard,21
239,285-313-1073,csiemons6m@dailymotion.com,Courtney Siemons,56
240,988-555-3570,sdunkirk6n@flickr.com,Selia Dunkirk,28
241,459-727-7931,cdoylend6o@nydailynews.com,Cookie Doylend,27
242,869-155-4881,cgumme6p@booking.com,Chrysa Gumme,23
243,527-528-0037,sreynard6q@php.net,Shani Reynard,33
244,146-838-5882,adenniss6r@dedecms.com,Anthia Denniss,32
245,936-404-6459,kmacduff6s@prweb.com,Kit MacDuff,40
246,730-638-9606,djakoubec6t@usnews.com,Dannel Jakoubec,18
247,284-669-8455,sdegoy6u@miibeian.gov.cn,Stearne Degoy,58
248,165-596-3172,jcrighton6v@elpais.com,Jannelle Crighton,24
249,248-941-1032,skearsley6w@wufoo.com,Shaina Kearsley,45
250,919-395-8216,gaspinal6x@amazon.com,Gregorius Aspinal,22
251,547-138-0444,bgarfoot6y@huffingtonpost.com,Bevon Garfoot,49
252,856-257-9897,abetke6z@wsj.com,Austin Betke,44
253,905-236-9218,lmacsharry70@4shared.com,Liva MacSharry,36
254,983-450-4404,rsydes71@vinaora.com,Rodolfo Sydes,45
255,360-129-9646,nsilverthorn72@pbs.org,Nealson Silverthorn,29
256,103-524-1620,tenders73@nih.gov,Tirrell Enders,44
257,239-125-2191,grosas74@google.com.au,Geneva Rosas,16
258,819-777-2561,bhindes75@wikia.com,Bobette Hindes,49
259,888-269-1838,lguyonnet76@state.tx.us,Lauritz Guyonnet,33
260,142-447-0249,lgrote77@princeton.edu,Lonni Grote,33
261,812-225-0661,egatty78@istockphoto.com,Emogene Gatty,19
262,643-469-2787,dberkely79@scribd.com,Deeanne Berkely,36
263,948-913-6085,fstemp7a@amazon.de,Freddie Stemp,36
264,244-345-4869,rrubinivitz7b@omniture.com,Read Rubinivitz,56
265,229-554-6848,jgrunnill7c@bloglines.com,June Grunnill,38
266,734-249-2982,psylvester7d@parallels.com,Polly Sylvester,23
267,904-276-7358,mmountstephen7e@msn.com,Maxy Mountstephen,29
268,769-323-8178,mgricks7f@home.pl,Maximilian Gricks,56
269,358-633-1903,gstairmand7g@mediafire.com,Guthrie Stairmand,54
270,776-201-1978,erollins7h@independent.co.uk,Eamon Rollins,35
271,419-967-0932,lwitter7i@mapquest.com,Lelia Witter,19
272,990-631-1850,nupcott7j@ftc.gov,Nicolai Upcott,56
273,816-329-2701,sduplock7k@stumbleupon.com,Shaina Duplock,39
274,830-178-0405,rjannex7l@latimes.com,Rhianon Jannex,18
275,616-671-8594,acharrett7m@google.es,Armin Charrett,33
276,779-319-5672,sseaborne7n@jugem.jp,Sondra Seaborne,44
277,344-934-1995,nsparshutt7o@indiegogo.com,Noel Sparshutt,23
278,157-233-9560,dmcilwrick7p@geocities.com,Delmer McIlwrick,44
279,466-880-4410,vachrameev7q@cpanel.net,Virgie Achrameev,34
280,612-477-7591,avondrys7r@g.co,Arline Vondrys,45
281,939-512-9483,istenbridge7s@statcounter.com,Ira Stenbridge,51
282,281-938-4576,dbondar7t@npr.org,Darya Bondar,23
283,150-981-5544,gtattersfield7u@hostgator.com,Goddard Tattersfield,33
284,911-329-6602,teastbrook7v@tinypic.com,Tabbie Eastbrook,51
285,895-103-7795,tbartolomeo7w@imgur.com,Trudy Bartolomeo,31
286,876-545-3679,crasch7x@amazon.com,Clare Rasch,41
287,672-413-6685,hshervil7y@cloudflare.com,Hallie Shervil,60
288,311-740-6636,rspanswick7z@foxnews.com,Reinaldos Spanswick,48
289,533-240-7830,jline80@yellowbook.com,Judy Line,33
290,421-345-7639,lashlee81@sciencedirect.com,Lesly Ashlee,58
291,601-631-5452,mcordery82@netlog.com,Melanie Cordery,34
292,368-646-7237,scurrom83@google.pl,Shawn Currom,46
293,741-481-0665,mfetherstone84@reuters.com,Mycah Fetherstone,26
294,827-163-1358,dsmorthwaite85@soundcloud.com,Davy Smorthwaite,29
295,603-972-9617,vatwool86@bloglovin.com,Vincent Atwool,50
296,867-263-1747,chaye87@telegraph.co.uk,Cchaddie Haye,39
297,154-374-3015,marundel88@dmoz.org,Matti Arundel,31
298,340-948-6748,pgeorgiades89@freewebs.com,Pollyanna Georgiades,28
299,934-939-8085,mkittle8a@multiply.com,Marje Kittle,51
300,169-256-3441,rkaaskooper8b@prnewswire.com,Renard Kaaskooper,29
301,882-427-7130,jcolbourne8c@stanford.edu,Joanne Colbourne,40
302,324-587-0083,hkrzyzaniak8d@harvard.edu,Halli Krzyzaniak,21
303,668-750-0532,swaddoups8e@sbwire.com,Sissie Waddoups,28
304,407-494-3404,aabrahmer8f@xinhuanet.com,Alexis Abrahmer,24
305,630-372-0576,gdeluce8g@latimes.com,Gigi Deluce,29
306,230-196-5124,jdoerr8h@ucla.edu,James Doerr,16
307,974-984-8442,eohagan8i@bloomberg.com,Ernaline O'Hagan,22
308,279-421-1770,lwilacot8j@paginegialle.it,Leandra Wilacot,21
309,907-882-0772,bknevet8k@hostgator.com,Britney Knevet,33
310,899-731-2432,lcunio8l@barnesandnoble.com,Lizzy Cunio,38
311,455-237-3576,jmatt8m@smh.com.au,Jacob Matt,51
312,697-444-0034,wmoore8n@apple.com,Wittie Moore,47
313,419-598-9889,spick8o@japanpost.jp,Sloan Pick,25
314,839-250-9576,jglede8p@mlb.com,Jedd Glede,25
315,170-594-3515,lgorcke8q@jiathis.com,Luise Gorcke,50
316,232-131-8407,rfurze8r@businesswire.com,Rustin Furze,54
317,780-593-1346,dgoldhill8s@constantcontact.com,Donielle Goldhill,50
318,416-448-9978,fboakes8t@bloglovin.com,Fred Boakes,34
319,137-729-7281,parchbutt8u@bloglines.com,Paulina Archbutt,50
320,713-877-3506,cavrashin8v@imageshack.us,Cherrita Avrashin,31
321,219-867-4311,abandiera8w@odnoklassniki.ru,Antonin Bandiera,56
322,241-437-5824,mpfiffer8x@state.gov,Matthieu Pfiffer,26
323,311-636-6237,bmundee8y@slideshare.net,Baxy Mundee,27
324,456-638-3195,cantognetti8z@ovh.net,Claiborn Antognetti,18
325,733-494-9109,odagostino90@woothemes.com,Orelle D'Agostino,58
326,982-591-4107,lvan91@nsw.gov.au,Laurens Van Der Hoog,27
327,690-296-5177,dtregien92@com.com,Diane-marie Tregien,37
328,770-431-6289,fiashvili93@si.edu,Fanya Iashvili,27
329,329-971-8601,hgomez94@shop-pro.jp,Hadley Gomez,47
330,230-549-9319,kboyn95@twitter.com,Kerstin Boyn,40
331,504-419-2562,tscrannage96@businessweek.com,Thorpe Scrannage,22
332,239-254-0365,cmckomb97@amazon.co.jp,Carlene McKomb,40
333,552-286-3539,jbrotherick98@constantcontact.com,Jonas Brotherick,16
334,962-232-2951,jwase99@barnesandnoble.com,Joey Wase,38
335,785-519-9668,obaggot9a@lycos.com,Orbadiah Baggot,18
336,753-262-5663,chouse9b@g.co,Carson House,48
337,665-279-1032,sburchess9c@ebay.com,Selby Burchess,60
338,142-479-1616,lcorryer9d@taobao.com,Lela Corryer,44
339,140-588-4284,awinborn9e@kickstarter.com,Arly Winborn,53
340,639-546-9293,aberceros9f@gov.uk,Arleta Berceros,56
341,251-108-3450,mpinchback9g@blinklist.com,Myrah Pinchback,60
342,848-787-1549,ltillard9h@hhs.gov,Leslie Tillard,23
343,982-200-7443,acarmont9i@webmd.com,Aldus Carmont,22
344,567-767-8785,gfilkov9j@slate.com,Guendolen Filkov,20
345,635-691-2069,mhull9k@ucoz.com,Marline Hull,56
346,944-849-3099,aposton9l@fotki.com,Alvan Poston,31
347,584-619-7384,bbrafield9m@gravatar.com,Beniamino Brafield,38
348,559-191-6157,bbinion9n@amazon.co.jp,Beniamino Binion,39
349,916-311-0891,cwyre9o@icq.com,Carleton Wyre,31
350,702-294-3741,kgirton9p@artisteer.com,Kylie Girton,49
351,347-181-3825,hroddy9q@histats.com,Herta Roddy,23
352,471-166-7400,fwhitmore9r@storify.com,Faina Whitmore,34
353,898-558-7923,mniese9s@hubpages.com,Myrtie Niese,26
354,752-442-5362,jbrader9t@storify.com,Jamil Brader,50
355,693-969-9082,tocassidy9u@businesswire.com,Trix O'Cassidy,20
356,409-256-2135,smonckman9v@godaddy.com,Smitty Monckman,28
357,786-808-6686,cbeament9w@com.com,Cherilyn Beament,39
358,496-395-2003,mbizley9x@dagondesign.com,Moll Bizley,47
359,717-905-1276,cpearne9y@seesaa.net,Clyde Pearne,33
360,762-624-9085,fneljes9z@fotki.com,Francklyn Neljes,60
361,449-422-3172,msermana0@nasa.gov,Michelle Serman,25
362,520-610-0055,kboylina1@chicagotribune.com,Kanya Boylin,31
363,145-673-9089,udevannya2@yolasite.com,Uta Devanny,46
364,335-188-9135,bdavineta3@flickr.com,Barri Davinet,43
365,908-920-3109,dgallegoa4@miitbeian.gov.cn,Damian Gallego,49
366,621-273-5263,ddymonda5@multiply.com,Dennison Dymond,40
367,993-105-3799,ldhoogea6@blogspot.com,Lorens D'Hooge,39
368,966-438-2338,smcilhargaa7@stumbleupon.com,Sigismundo McIlharga,29
369,346-743-5777,cconanta8@twitter.com,Correy Conant,44
370,332-136-4665,tshovela9@opera.com,Thaxter Shovel,18
371,265-209-8510,jbalderyaa@zimbio.com,Joelynn Baldery,45
372,557-346-3970,raichesonab@artisteer.com,Renata Aicheson,54
373,682-795-3694,hheathornac@go.com,Hobey Heathorn,25
374,114-249-6408,wpoytresad@timesonline.co.uk,Wendell Poytres,33
375,541-404-1923,dhardestyae@nba.com,Deana Hardesty,26
376,675-114-6888,cdeaf@google.com.au,Chickie De Domenico,50
377,316-116-5325,hharsentag@fema.gov,Hermia Harsent,60
378,713-360-9525,lsanderah@state.gov,Ladonna Sander,25
379,855-574-6487,dslogroveai@indiegogo.com,Dex Slogrove,31
380,762-743-2796,mconnickaj@dropbox.com,Maxine Connick,30
381,187-300-5889,gmockerak@bloomberg.com,Gerti Mocker,24
382,869-409-1118,agooderidgeal@shutterfly.com,Alexandra Gooderidge,33
383,284-209-3163,atwaiteam@dedecms.com,Alvie Twaite,59
384,559-528-2060,mcoonanan@sphinn.com,Melodie Coonan,19
385,659-166-5429,hpalkeao@cdbaby.com,Hill Palke,32
386,823-533-5745,bzaczekap@sciencedaily.com,Benetta Zaczek,29
387,903-159-4249,aneilandaq@nifty.com,Anna-diane Neiland,19
388,773-927-1433,charmerar@mediafire.com,Clotilda Harmer,44
389,606-557-0305,amilneras@zimbio.com,Archy Milner,52
390,744-813-8394,vstainsonat@sourceforge.net,Vanya Stainson,36
391,104-328-3213,jmcdermotau@twitpic.com,Jonie McDermot,39
392,665-658-3244,dgegayav@ustream.tv,Donnie Gegay,44
393,527-619-6624,ggoldsbyaw@exblog.jp,Gaultiero Goldsby,38
394,899-138-0137,sthurlbeckax@t-online.de,Stanfield Thurlbeck,43
395,910-504-7969,jsherwynay@msn.com,Jillana Sherwyn,24
396,631-923-1279,brieflinaz@flickr.com,Benito Rieflin,19
397,549-659-4496,ikruszelnickib0@bing.com,Ingrid Kruszelnicki,33
398,807-933-3059,sdominicib1@npr.org,Shannen Dominici,25
399,953-951-4807,cgarlandb2@github.com,Corine Garland,26
400,118-544-9503,mstreightb3@google.nl,Murry Streight,45
401,503-114-9163,gjollimanb4@printfriendly.com,Guinevere Jolliman,30
402,110-501-6943,cibbesonb5@twitpic.com,Colene Ibbeson,19
403,227-517-6121,pmcmichaelb6@who.int,Peyter McMichael,39
404,226-606-5046,aannattb7@bravesites.com,Aristotle Annatt,22
405,131-727-9617,jrosenboimb8@arizona.edu,Jolie Rosenboim,53
406,785-434-3438,helverstonb9@time.com,Hobart Elverston,32
407,952-821-0420,bgoligherba@cpanel.net,Babb Goligher,27
408,302-850-9837,tturnbullbb@nbcnews.com,Tatiania Turnbull,42
409,402-928-2573,jcowherdbc@phpbb.com,Jesus Cowherd,43
410,494-783-1495,scluneybd@bbb.org,Spence Cluney,58
411,226-170-5780,bsheptonbe@yellowpages.com,Bradan Shepton,51
412,915-388-2196,mdoxeybf@chicagotribune.com,Mikkel Doxey,19
413,121-452-8211,rdivisbg@ask.com,Rubin Divis,48
414,569-867-5500,makettbh@mtv.com,Marcelia Akett,49
415,107-560-4172,arosenkrancbi@usda.gov,Alberik Rosenkranc,16
416,734-857-4813,sledfordbj@fda.gov,Shepherd Ledford,44
417,164-961-5463,lsummerskillbk@sakura.ne.jp,Lenette Summerskill,36
418,707-745-3202,sfarrentbl@vimeo.com,Spence Farrent,40
419,562-933-7151,avassanobm@altervista.org,Alison Vassano,60
420,761-354-5186,nbushbybn@forbes.com,Nadeen Bushby,33
421,744-754-4897,rmcilheranbo@wunderground.com,Roxanna McIlheran,45
422,486-995-9137,scundictbp@google.fr,Stephie Cundict,42
423,458-712-0321,aschroterbq@usda.gov,Almeta Schroter,17
424,560-881-8237,kbriddockbr@hud.gov,Karmen Briddock,52
425,412-738-2826,ayearronbs@walmart.com,Adler Yearron,21
426,200-157-2377,schaplingbt@ted.com,Sula Chapling,21
427,198-201-6614,bvannozziibu@devhub.com,Barbie Vannozzii,55
428,299-565-8902,hfillgatebv@patch.com,Haily Fillgate,58
429,913-860-3122,ajessupbw@yellowbook.com,Albertina Jessup,17
430,904-562-8383,ahullotbx@i2i.jp,Abran Hullot,59
431,360-569-1671,rwalthewby@bravesites.com,Rori Walthew,34
432,692-177-9478,bsanbrokebz@google.it,Brendin Sanbroke,39
433,593-563-4952,ddackombec0@microsoft.com,Dagny Dackombe,30
434,590-999-2966,bcolreinc1@webmd.com,Bondie Colrein,57
435,696-563-6635,coliverc2@wikipedia.org,Corny Oliver,34
436,132-968-0855,pnavarijoc3@amazon.co.uk,Prue Navarijo,38
437,491-363-0739,kdunkinsonc4@ted.com,Kerrin Dunkinson,36
438,337-665-8893,abirdisc5@mac.com,Alphonso Birdis,23
439,224-514-9925,darpurc6@aol.com,Dugald Arpur,50
440,829-877-0120,rpatricksonc7@scientificamerican.com,Rip Patrickson,55
441,827-245-3069,ecarlssonc8@alibaba.com,Emlynne Carlsson,45
442,335-981-9678,dmuckersiec9@businessweek.com,Dory Muckersie,31
443,401-338-6883,mroisca@cyberchimps.com,Morten Rois,56
444,646-739-2709,rgrevilecb@craigslist.org,Rene Grevile,60
445,775-277-0804,bmoircc@myspace.com,Becca Moir,41
446,135-149-2855,rhawkinscd@about.com,Rodie Hawkins,56
447,586-260-0194,tanthillce@moonfruit.com,Tomasine Anthill,60
448,869-160-8593,jharridgecf@msu.edu,Janie Harridge,24
449,609-891-9798,sgadaultcg@wix.com,Sheri Gadault,34
450,718-233-3700,sstellich@livejournal.com,Selie Stelli,23
451,732-653-2382,cbellordci@apple.com,Cull Bellord,16
452,133-208-9234,rillingworthcj@wsj.com,Russ Illingworth,32
453,235-891-0961,swillcotck@unc.edu,Sally Willcot,43
454,725-578-8769,rmatiashvilicl@wordpress.org,Regan Matiashvili,32
455,942-685-1812,jmoorescm@imageshack.us,Joby Moores,24
456,216-900-8081,jwattinghamcn@sciencedaily.com,Javier Wattingham,36
457,370-355-2798,pduhamco@ocn.ne.jp,Pietrek Duham,29
458,877-366-4293,mkaliszcp@joomla.org,Marilyn Kalisz,24
459,866-537-7483,jhargrevescq@hibu.com,Jessalin Hargreves,53
460,235-915-9741,zeberstcr@squarespace.com,Zorine Eberst,24
461,853-886-4727,jtweedcs@dot.gov,Justine Tweed,32
462,275-821-7031,tjanowskict@51.la,Teresa Janowski,44
463,666-948-6782,gclaibourncu@ow.ly,Gabriel Claibourn,51
464,167-241-4720,tlodycv@purevolume.com,Tressa Lody,38
465,418-347-5195,nnorkettcw@thetimes.co.uk,Nolan Norkett,55
466,607-225-8836,jpickincx@ox.ac.uk,Jamaal Pickin,18
467,206-479-4009,bmussettcy@wiley.com,Balduin Mussett,40
468,531-708-3575,cnavarocz@barnesandnoble.com,Curr Navaro,40
469,874-804-1693,kughinid0@wunderground.com,Kyle Ughini,29
470,311-270-6611,zbarffd1@newsvine.com,Zebulon Barff,29
471,767-688-1867,jwoolvind2@example.com,Jeralee Woolvin,17
472,428-534-4966,cdawdaryd3@addthis.com,Cloe Dawdary,36
473,895-844-1408,lfaceyd4@stanford.edu,Leena Facey,59
474,610-493-9511,nlustedd5@ifeng.com,Natale Lusted,19
475,238-112-6115,mgimbletd6@wunderground.com,Marlene Gimblet,46
476,851-394-4312,mmcdelld7@epa.gov,Mersey McDell,45
477,875-593-0978,greithd8@github.io,Gerhardine Reith,44
478,670-300-5521,lpepysd9@jigsy.com,Lyon Pepys,32
479,815-391-3269,btriponyda@histats.com,Brandais Tripony,32
480,416-104-3324,lhuffadb@archive.org,Lissie Huffa,36
481,717-584-7986,kfennessydc@taobao.com,Kendal Fennessy,16
482,356-304-4078,plinkdd@bandcamp.com,Pavlov Link,38
483,597-224-1563,dbueyde@mit.edu,Debra Buey,59
484,382-299-3003,cgheeraertdf@xing.com,Cazzie Gheeraert,27
485,330-864-2631,lrosettidg@hostgator.com,Lewie Rosetti,53
486,244-979-6045,bedgerlydh@bizjournals.com,Bernie Edgerly,59
487,773-475-2743,epounsettdi@bloglovin.com,Evangelin Pounsett,47
488,823-633-8109,glowlessdj@friendfeed.com,Glennis Lowless,60
489,965-323-4814,eduddingdk@last.fm,Erastus Dudding,55
490,831-503-3363,jtorridl@cornell.edu,Jeniffer Torri,17
491,125-489-6443,cfrandsendm@vimeo.com,Cirillo Frandsen,21
492,279-953-3815,aglabachdn@altervista.org,Alphonso Glabach,44
493,191-761-1286,mbrodbindo@tamu.edu,Mallorie Brodbin,16
494,499-863-0934,aklainerdp@ameblo.jp,Allyce Klainer,57
495,563-151-4834,ygaunterdq@list-manage.com,Yurik Gaunter,16
496,966-919-9574,gfechniedr@smh.com.au,Gennie Fechnie,33
497,584-994-5448,clangstoneds@unc.edu,Chicky Langstone,32
498,811-202-7135,hkingettdt@t-online.de,Helene Kingett,51
499,105-325-4180,oridgedu@google.cn,Onida Ridge,16
500,653-904-5093,hmaclucaisdv@dagondesign.com,Holly MacLucais,36
501,916-809-5955,hballisterdw@cam.ac.uk,Hallsy Ballister,39
502,772-174-0192,kkeynesdx@google.de,Kendall Keynes,39
503,171-930-5960,flakindy@va.gov,Fern Lakin,37
504,435-413-2833,afeasleydz@jugem.jp,Aldis Feasley,55
505,328-707-2820,fboote0@ustream.tv,Florina Boot,33
506,517-522-2188,lsnedene1@squarespace.com,Lynnet Sneden,37
507,131-526-1894,dnabarroe2@typepad.com,Darla Nabarro,45
508,829-393-6070,erossettie3@gizmodo.com,Ediva Rossetti,17
509,303-283-4915,htosselle4@domainmarket.com,Huntington Tossell,33
510,675-561-8022,omirandoe5@jiathis.com,Onida Mirando,31
511,863-877-5516,rsturgese6@biblegateway.com,Ruggiero Sturges,36
512,259-582-1809,mtettleye7@bizjournals.com,Marty Tettley,43
513,988-161-5139,sricharze8@last.fm,Shannah Richarz,49
514,995-453-3748,jzannutoe9@istockphoto.com,Jay Zannuto,28
515,364-468-4013,eganeea@cdbaby.com,Ethelyn Gane,39
516,977-918-2474,bfetherstoneb@ftc.gov,Brade Fetherston,57
517,945-622-2083,tmacturloughec@freewebs.com,Tamqrah MacTurlough,42
518,851-189-6793,bshirted@msu.edu,Brittani Shirt,20
519,863-470-8811,dgoatcheree@ucsd.edu,Dianne Goatcher,27
520,927-846-3791,bmcgahernef@intel.com,Babbie McGahern,34
521,563-735-1415,nterbeckeg@reverbnation.com,Nariko Terbeck,36
522,638-806-8760,jtellenbrookeh@economist.com,Jedediah Tellenbrook,23
523,661-310-5975,asodeauei@upenn.edu,Arley Sodeau,40
524,981-672-5559,njostej@ovh.net,Nealy Jost,53
525,250-334-1782,gmangenotek@cisco.com,Gilles Mangenot,29
526,139-551-6848,jeddoesel@aboutads.info,Juanita Eddoes,25
527,911-449-7809,dhugliem@cafepress.com,Delia Hugli,17
528,457-149-5745,arusheen@cnn.com,Aubrie Rushe,48
529,572-452-5336,cdurdeneo@fotki.com,Collen Durden,24
530,508-768-4420,fblamireep@sitemeter.com,Francesco Blamire,43
531,930-682-2846,gspunereq@gizmodo.com,Gawen Spuner,28
532,277-169-2844,ndurretter@economist.com,Nevile Durrett,47
533,139-822-5845,rebralles@merriam-webster.com,Rey Ebrall,22
534,395-741-4095,pdriveret@msu.edu,Phillida Driver,40
535,372-311-8840,ewykeeu@ocn.ne.jp,Emmalynn Wyke,49
536,941-516-7041,ssellekev@oracle.com,Somerset Sellek,45
537,501-350-3288,tbrissetew@weebly.com,Taite Brisset,37
538,882-986-4219,pprewettex@google.com.br,Petronella Prewett,55
539,574-755-6638,vguidoneey@about.com,Vickie Guidone,24
540,252-828-5086,alawtyez@discovery.com,Aguste Lawty,16
541,675-474-2149,kkeanf0@hexun.com,Kesley Kean,16
542,975-853-9426,cwoodwardf1@unesco.org,Cilka Woodward,42
543,932-241-6732,tellsomf2@marketwatch.com,Tybalt Ellsom,21
544,280-691-9124,haltif3@dagondesign.com,Howie Alti,33
545,213-674-2955,flarimerf4@aol.com,Fayth Larimer,51
546,123-196-7843,aosgarbyf5@alexa.com,Aylmer Osgarby,33
547,271-129-0461,jisaacf6@economist.com,Janna Isaac,32
548,547-221-0014,ncarvilf7@blogger.com,Nigel Carvil,26
549,439-745-4031,aherriesf8@seattletimes.com,Andrus Herries,41
550,207-191-2923,sbendittf9@usgs.gov,Sheila-kathryn Benditt,46
551,526-581-2498,rmaggiorefa@cnet.com,Rebecca Maggiore,48
552,861-300-9856,fdavydychevfb@state.gov,Ferdinand Davydychev,55
553,350-315-5325,ggavanfc@latimes.com,Gregorius Gavan,23
554,350-933-2856,phailyfd@biglobe.ne.jp,Patten Haily,38
555,870-114-2783,cphilliskirkfe@google.es,Cori Philliskirk,59
556,893-518-7709,raberkirdoff@hibu.com,Rene Aberkirdo,16
557,292-540-2654,vshieberfg@jimdo.com,Violetta Shieber,31
558,717-712-1466,gspatarofh@mysql.com,Gerhard Spataro,51
559,941-139-5646,mmilkinfi@networksolutions.com,Madge Milkin,46
560,948-534-8713,kparringtonfj@ihg.com,Kelci Parrington,52
561,819-627-6922,aandrzejakfk@icq.com,Anet Andrzejak,39
562,824-258-1405,jstopfordfl@behance.net,Jeth Stopford,43
563,341-479-9075,lciobutarofm@narod.ru,Legra Ciobutaro,22
564,383-689-9143,mmazziafn@tinyurl.com,Miriam Mazzia,18
565,543-983-8847,jvonfo@unc.edu,Jobyna Von Welldun,22
566,647-145-8076,vgoodnowfp@slashdot.org,Valdemar Goodnow,32
567,663-256-9073,tbourdonfq@ihg.com,Tobie Bourdon,51
568,378-450-8907,ylocknerfr@geocities.com,Yehudit Lockner,43
569,667-976-7069,mdugofs@mashable.com,Morton D'Ugo,47
570,856-395-4697,sharrowellft@unesco.org,Sybila Harrowell,36
571,460-446-0644,gnusseyfu@sciencedaily.com,Gunilla Nussey,37
572,834-579-4227,gmorlonfv@devhub.com,Glenine Morlon,43
573,942-383-0420,ewearfw@over-blog.com,Emlynn Wear,39
574,488-177-3333,ttimoneyfx@over-blog.com,Terza Timoney,52
575,302-834-0863,htanguyfy@qq.com,Harland Tanguy,56
576,650-709-6656,spaolicchifz@mapy.cz,Syd Paolicchi,42
577,323-216-6561,fbillesg0@ameblo.jp,Fern Billes,44
578,728-298-9267,ewhistanceg1@google.es,Edita Whistance,44
579,298-337-7058,jbestmang2@weebly.com,Jorey Bestman,42
580,583-544-7369,ahylandsg3@geocities.com,Asher Hylands,28
581,921-782-1815,rhagstong4@answers.com,Roseanne Hagston,28
582,828-958-2050,bmcadamg5@europa.eu,Bevon McAdam,20
583,171-570-2953,jhawksleyg6@indiatimes.com,Jerrine Hawksley,22
584,394-696-5466,dzanottig7@spotify.com,Dasha Zanotti,60
585,514-352-0915,btwentymang8@statcounter.com,Berkeley Twentyman,21
586,242-532-4792,vphillputg9@europa.eu,Virgie Phillput,16
587,958-645-2699,atinglyga@wordpress.org,Adella Tingly,28
588,723-823-5900,rdittgb@networkadvertising.org,Rosmunda Ditt,43
589,417-686-2091,agarrowgc@google.co.uk,Alley Garrow,16
590,268-525-7260,aradbournegd@newyorker.com,Ancell Radbourne,22
591,494-322-4523,zharrowellge@go.com,Zaneta Harrowell,60
592,994-950-5914,rcroughangf@godaddy.com,Rochelle Croughan,47
593,230-843-3330,lscoonegg@utexas.edu,Liv Scoone,43
594,455-685-9000,amcclevertygh@google.com.br,Alverta McCleverty,21
595,809-114-1318,kschollgi@indiatimes.com,Katusha Scholl,55
596,451-285-2225,fleggsgj@liveinternet.ru,Fifi Leggs,59
597,450-194-9295,hambroziakgk@gov.uk,Hattie Ambroziak,21
598,757-880-8263,gwardalegl@wired.com,Griselda Wardale,50
599,171-572-7776,sobalgm@cbc.ca,Sax Obal,17
600,503-482-0544,rkowalgn@technorati.com,Roseanne Kowal,50
601,687-556-1922,acorrogo@sourceforge.net,Alf Corro,35
602,232-561-3617,eickovitsgp@jalbum.net,Erich Ickovits,20
603,638-165-1199,aillstongq@techcrunch.com,Alfreda Illston,59
604,263-449-1103,rchadneygr@smugmug.com,Randal Chadney,27
605,756-957-4211,msollowayegs@yolasite.com,Maribel Sollowaye,54
606,742-335-7993,cscuphamgt@engadget.com,Claudetta Scupham,48
607,638-362-7458,sbichenergu@miitbeian.gov.cn,Stacee Bichener,29
608,815-620-0025,bmclagaingv@twitpic.com,Bale McLagain,41
609,479-955-7267,gjanskygw@chron.com,Gannie Jansky,19
610,776-427-0958,zbrackenridgegx@reuters.com,Zechariah Brackenridge,60
611,308-441-6297,rmckechniegy@instagram.com,Rubina McKechnie,41
612,444-873-9232,hmaytumgz@nhs.uk,Herta Maytum,30
613,273-705-4666,wdringh0@pagesperso-orange.fr,Willem Dring,31
614,714-693-8583,hbyrnesh1@technorati.com,Helga Byrnes,35
615,455-770-8169,cpiccardh2@arizona.edu,Cariotta Piccard,57
616,311-352-3686,sbisphamh3@imgur.com,Susanne Bispham,43
617,447-765-9518,myouingsh4@goodreads.com,Monica Youings,52
618,529-857-0405,gdessanth5@webs.com,Gloriana Dessant,53
619,626-115-2876,rgrealeyh6@fc2.com,Renault Grealey,42
620,789-340-3550,ppoytresh7@alibaba.com,Philomena Poytres,48
621,975-294-6152,ppartnerh8@icq.com,Pall Partner,51
622,525-192-9581,dmcquillanh9@cpanel.net,Donella McQuillan,39
623,827-558-3449,smaddieha@mit.edu,Shadow Maddie,31
624,141-531-6026,asandcrofthb@eventbrite.com,Adolphus Sandcroft,25
625,197-901-5945,ssprotthc@ifeng.com,Sharl Sprott,35
626,120-887-8730,skoppelhd@last.fm,Seumas Koppel,49
627,483-476-3627,rdawidowskyhe@upenn.edu,Rubetta Dawidowsky,21
628,184-529-7436,dattewillhf@weebly.com,Dame Attewill,31
629,698-389-8287,mdehmhg@youtu.be,Maressa Dehm,32
630,628-409-7011,jbarensenhh@fc2.com,Jordana Barensen,38
631,675-831-5958,bworthi@mysql.com,Barbabas Wort,34
632,300-122-1924,oaskewhj@wix.com,Ogdon Askew,23
633,625-623-1354,bjoinceyhk@constantcontact.com,Brandice Joincey,34
634,433-973-9542,lrunacreshl@telegraph.co.uk,Lorie Runacres,44
635,855-881-0648,jcreechhm@vistaprint.com,Juditha Creech,22
636,966-125-5642,spitsonhn@theguardian.com,Saunder Pitson,42
637,464-783-0830,mjakobssonho@home.pl,Mata Jakobsson,37
638,287-778-4944,rvedyaevhp@mac.com,Rowan Vedyaev,40
639,609-867-8071,tcowhq@npr.org,Torry Cow,46
640,748-932-8318,bhurrenhr@boston.com,Brandyn Hurren,52
641,495-675-4826,jsporehs@mediafire.com,Jennie Spore,22
642,652-390-4462,tgrissettht@arstechnica.com,Traver Grissett,21
643,673-610-9644,stonguehu@ox.ac.uk,Sig Tongue,51
644,528-807-1490,ebrillemanhv@yahoo.co.jp,Ethelda Brilleman,27
645,224-944-5717,lbeamondhw@tumblr.com,Lurlene Beamond,37
646,320-760-6516,cgrainhx@spotify.com,Chrystal Grain,38
647,419-858-2386,belsayhy@typepad.com,Bendicty Elsay,49
648,807-817-9424,bmaclisehz@opera.com,Bronny MacLise,43
649,791-471-9467,lcleeni0@yale.edu,Lesley Cleen,34
650,170-255-7650,clawdayi1@reuters.com,Cary Lawday,35
651,507-583-0334,mkeynesi2@mtv.com,Marten Keynes,41
652,151-324-6827,kmatthisi3@instagram.com,Kiley Matthis,21
653,747-352-0966,crucklessei4@baidu.com,Cynthia Rucklesse,22
654,632-103-8783,acucinottai5@shutterfly.com,Anabel Cucinotta,54
655,503-701-5648,wteggarti6@theatlantic.com,Willa Teggart,49
656,165-455-9297,nhaslochi7@forbes.com,Norma Hasloch,32
657,975-875-6883,tbrumi8@goodreads.com,Tulley Brum,53
658,564-405-1435,vsanchezi9@sun.com,Violet Sanchez,42
659,263-720-4660,mhairesnapeia@linkedin.com,Melanie Hairesnape,60
660,303-717-5960,rperrelleib@blogs.com,Ronnie Perrelle,38
661,169-177-6526,wkleynic@nsw.gov.au,Wilfrid Kleyn,37
662,764-562-0362,drawlinsid@gmpg.org,Dermot Rawlins,27
663,231-220-6524,rcollettie@kickstarter.com,Robena Collett,52
664,223-922-2389,fvedenisovif@rediff.com,Fritz Vedenisov,22
665,771-476-5471,cigglesdenig@miitbeian.gov.cn,Clair Igglesden,57
666,204-526-5855,dprettyjohnih@cdc.gov,Dorothee Prettyjohn,37
667,317-452-7883,cbartholatii@quantcast.com,Candie Bartholat,29
668,350-569-2575,sbleesij@goo.ne.jp,Seward Blees,51
669,391-862-4934,fcalafatoik@marriott.com,Fionna Calafato,29
670,682-243-0054,pbuneyil@chicagotribune.com,Patty Buney,29
671,719-792-3459,bforseyim@weebly.com,Basil Forsey,20
672,644-342-6380,aalliottin@1688.com,Astra Alliott,22
673,512-460-5689,hcalderaio@list-manage.com,Helen Caldera,24
674,542-785-9776,lgwyerip@dot.gov,Libbey Gwyer,53
675,607-567-0992,wbottiniiq@hud.gov,Weber Bottini,41
676,342-407-5417,drylattir@meetup.com,Dacy Rylatt,31
677,817-497-5486,jwhitesideis@webmd.com,Jorie Whiteside,22
678,571-194-8266,ytrattlesit@comsenz.com,Ynes Trattles,30
679,295-759-7449,gbottlesoniu@vimeo.com,Gawen Bottleson,34
680,513-945-7424,cremireziv@alexa.com,Cleo Remirez,55
681,943-692-1656,rcraytoniw@wisc.edu,Reeva Crayton,22
682,908-977-3541,abrookix@google.fr,Ara Brook,20
683,274-497-7704,rboomesiy@nasa.gov,Rachelle Boomes,24
684,964-522-9217,adimentiz@reverbnation.com,Athena Diment,47
685,828-215-5613,apielj0@springer.com,Adriena Piel,22
686,744-729-2642,cwildeyj1@bluehost.com,Cece Wildey,40
687,441-659-9374,adunawayj2@mail.ru,Atlanta Dunaway,51
688,684-161-1129,hbalinej3@psu.edu,Hart Baline,59
689,953-793-2397,nrutherfordj4@huffingtonpost.com,Neilla Rutherford,60
690,418-564-2534,erosendahlj5@admin.ch,Elie Rosendahl,21
691,383-441-8226,gchallenerj6@eventbrite.com,Georgeanne Challener,59
692,938-406-1678,elagnej7@patch.com,Even Lagne,17
693,184-405-0247,vgregj8@usatoday.com,Verina Greg,27
694,707-405-6295,ebiggerstaffj9@xing.com,Elsy Biggerstaff,59
695,163-884-6468,igaitja@deliciousdays.com,Isa Gait,36
696,576-272-4036,cronaghanjb@trellian.com,Clari Ronaghan,34
697,300-331-2958,mbentzjc@craigslist.org,Mariana Bentz,36
698,428-636-5650,geastonjd@yandex.ru,Geno Easton,19
699,700-964-5882,agorriessenje@shinystat.com,August Gorriessen,23
700,317-994-9106,aredmillejf@msn.com,Abagael Redmille,55
701,526-335-2520,switzjg@prweb.com,Sherie Witz,17
702,921-503-9180,mnarracottjh@elpais.com,Minnnie Narracott,56
703,494-246-3292,jklimpji@dion.ne.jp,Jori Klimp,37
704,803-324-6543,cstaytejj@tinypic.com,Caprice Stayte,53
705,398-804-3268,bestickjk@ox.ac.uk,Braden Estick,28
706,118-884-3825,nmcaulayjl@mail.ru,Nikkie McAulay,24
707,314-744-7612,swhapplesjm@gizmodo.com,Shae Whapples,44
708,139-693-3499,choppnerjn@rediff.com,Courtnay Hoppner,45
709,574-649-3645,sgaspardjo@hostgator.com,Sig Gaspard,35
710,636-729-1224,ttilstonjp@umn.edu,Therese Tilston,29
711,745-804-2927,rrafflesjq@nhs.uk,Robena Raffles,53
712,577-677-7291,jshawdforthjr@ucoz.com,Jaquith Shawdforth,59
713,410-183-9053,dvaynejs@xing.com,Daryl Vayne,35
714,642-215-0845,sfedorchenkojt@washington.edu,Salaidh Fedorchenko,39
715,452-125-5048,jelflainju@homestead.com,Jania Elflain,50
716,681-447-4847,kfeldmanjv@blog.com,Kaitlyn Feldman,17
717,519-915-6976,dcovejw@bloglovin.com,Devora Cove,45
718,464-332-0141,rbeiningjx@google.ru,Raymund Beining,24
719,412-125-2149,ehinckesjy@slate.com,Elsie Hinckes,53
720,180-647-8376,rmaccartneyjz@ocn.ne.jp,Randy MacCartney,37
721,850-547-8689,bbossonsk0@usa.gov,Bride Bossons,32
722,599-136-6824,dtrowlek1@hhs.gov,Donaugh Trowle,30
723,150-969-0479,mszepek2@comsenz.com,Maurizio Szepe,55
724,703-915-3611,lduplaink3@icio.us,Liesa Duplain,57
725,195-719-0542,kocainek4@scribd.com,Koral O'Caine,21
726,945-671-7181,cbarochk5@github.io,Chaddie Baroch,46
727,698-550-2667,rsutherank6@hexun.com,Reginald Sutheran,48
728,156-736-2477,jrayek7@nyu.edu,Jorrie Raye,49
729,470-633-1551,dbuchank8@homestead.com,Dorena Buchan,17
730,841-613-8837,gfranzolinik9@xrea.com,Gustavo Franzolini,50
731,847-562-6027,jmcgillegholeka@youtu.be,Jeffrey McGilleghole,30
732,675-330-0348,vyglesiakb@furl.net,Violette Yglesia,26
733,668-420-8147,edossettkc@freewebs.com,Erich Dossett,50
734,442-279-0187,jteazekd@oracle.com,Julian Teaze,32
735,845-992-9225,pgoulyke@geocities.jp,Piper Gouly,21
736,589-393-2343,abowerykf@cpanel.net,Alison Bowery,55
737,652-307-1204,emahadykg@soundcloud.com,Evin Mahady,19
738,592-972-9889,lmateikokh@gmpg.org,Lauretta Mateiko,31
739,899-521-8064,lheitzki@noaa.gov,Lucinda Heitz,28
740,911-142-9547,acowenkj@w3.org,Ashley Cowen,19
741,606-368-1328,apretoriuskk@wired.com,Adella Pretorius,47
742,165-175-9717,elekl@washingtonpost.com,Ernest Le Blanc,22
743,206-669-8464,lsellankm@sina.com.cn,Lizbeth Sellan,25
744,593-339-8294,ethursfieldkn@g.co,Evvy Thursfield,59
745,984-669-7888,cworsterko@constantcontact.com,Christabel Worster,43
746,433-654-7418,lsheirlawkp@yandex.ru,Laurens Sheirlaw,32
747,577-889-6904,eferrieroikq@sbwire.com,Elvira Ferrieroi,37
748,895-464-3772,calmonkr@sciencedirect.com,Claudell Almon,58
749,984-285-5176,ecuckooks@japanpost.jp,Eliot Cuckoo,60
750,273-871-3627,jmckillopkt@statcounter.com,Jamal McKillop,29
751,368-736-5244,ttindleku@reverbnation.com,Terrill Tindle,24
752,904-632-4227,hcrossleykv@pbs.org,Henry Crossley,55
753,899-301-2646,lbernathkw@amazon.com,Leonelle Bernath,46
754,680-929-2971,tfirmagerkx@huffingtonpost.com,Tristan Firmager,17
755,435-835-4178,cpeverellky@photobucket.com,Cybil Peverell,50
756,192-872-6476,hstonehamkz@usnews.com,Hendrika Stoneham,25
757,637-244-1698,draglesl0@liveinternet.ru,Delia Ragles,31
758,197-185-9607,adrewsl1@163.com,Adelle Drews,48
759,842-301-6010,akondrachenkol2@digg.com,Arvin Kondrachenko,37
760,225-470-1164,plel3@adobe.com,Pace Le Grice,60
761,922-792-2412,asunterl4@squarespace.com,Alie Sunter,33
762,935-501-1939,gfarryannl5@typepad.com,Gherardo Farryann,23
763,387-634-1405,cwynrahamel6@accuweather.com,Conney Wynrahame,52
764,900-268-6135,ckryszkal7@typepad.com,Cornie Kryszka,39
765,905-975-5826,sgawthorpl8@ask.com,Stefano Gawthorp,25
766,781-893-2495,mfraczakl9@mapy.cz,Murial Fraczak,48
767,811-536-0593,zthrasherla@arstechnica.com,Zebulon Thrasher,32
768,204-643-7736,nolivaslb@seattletimes.com,Nelson Olivas,22
769,933-462-2029,wpothburylc@nymag.com,Waldemar Pothbury,39
770,713-106-7603,hmatussevichld@studiopress.com,Huberto Matussevich,21
771,533-956-5822,fpearminele@msu.edu,Filberto Pearmine,39
772,972-956-7203,vweymontlf@bbb.org,Vivian Weymont,54
773,281-969-4569,ilerwelllg@macromedia.com,Ina Lerwell,49
774,807-131-5107,dwakemanlh@nih.gov,Dacy Wakeman,39
775,602-627-3988,sboatmanli@shinystat.com,Sean Boatman,29
776,599-268-4929,rstonelj@multiply.com,Robinson Stone Fewings,23
777,787-829-3261,rbartalettilk@mtv.com,Raffaello Bartaletti,44
778,335-890-5858,gkleanthousll@posterous.com,Glynnis Kleanthous,33
779,418-293-1705,awalburnlm@wsj.com,Aubrette Walburn,40
780,137-452-0736,clowmanln@dmoz.org,Cesare Lowman,21
781,757-571-9664,bnelmlo@bluehost.com,Babs Nelm,21
782,489-108-3584,dscrivenorlp@google.es,Darrell Scrivenor,18
783,556-579-2655,epiperlq@smugmug.com,Elana Piper,56
784,174-315-6230,udutchlr@odnoklassniki.ru,Ulberto Dutch,27
785,723-635-9871,alattinls@netvibes.com,Annalee Lattin,25
786,948-188-2308,hmorisonlt@virginia.edu,Hatty Morison,56
787,957-839-0440,knesfieldlu@liveinternet.ru,Kingsley Nesfield,23
788,733-812-6517,tstamperlv@clickbank.net,Talia Stamper,46
789,435-283-9378,ahammlw@timesonline.co.uk,Ardra Hamm,32
790,867-731-1083,avonlx@dailymail.co.uk,Augustus Von Der Empten,17
791,209-206-9163,emeakely@storify.com,Elianora Meake,57
792,317-773-1186,astoreklz@mayoclinic.com,Aylmar Storek,57
793,499-201-5497,louldcottm0@webnode.com,Lisle Ouldcott,19
794,676-552-3950,caberdalgym1@privacy.gov.au,Colleen Aberdalgy,58
795,111-595-8618,lcavillem2@answers.com,Leonanie Caville,44
796,871-204-2951,ndem3@netscape.com,Nobe De Bruijne,54
797,209-640-3036,rrizzardim4@moonfruit.com,Reed Rizzardi,47
798,627-897-6974,dcuddym5@adobe.com,Daniela Cuddy,24
799,123-947-9027,fhutchinsonm6@odnoklassniki.ru,Frederich Hutchinson,50
800,500-311-4265,cluism7@arstechnica.com,Carlotta Luis,56
801,839-159-4141,jaycem8@squidoo.com,Jacintha Ayce,22
802,836-895-3960,esalwaym9@ameblo.jp,Eduino Salway,19
803,396-751-7519,amarginsonma@ocn.ne.jp,Antonetta Marginson,37
804,120-954-5630,rlittonmb@sphinn.com,Raddy Litton,58
805,804-775-5928,jbenzmc@msu.edu,Joseph Benz,19
806,446-739-2017,jquinlanmd@nationalgeographic.com,Jesselyn Quinlan,50
807,682-372-8921,efayneme@hhs.gov,Elissa Fayne,45
808,102-656-9837,elarrowaymf@google.co.jp,Erasmus Larroway,22
809,105-933-0355,jiannellimg@apache.org,Jannelle Iannelli,53
810,385-573-2001,bschermickmh@indiegogo.com,Berton Schermick,27
811,463-758-3046,rmorphewmi@telegraph.co.uk,Roland Morphew,23
812,369-316-0246,mswidenbankmj@wix.com,Maxy Swidenbank,48
813,969-261-4187,mrollinmk@baidu.com,Mirella Rollin,33
814,282-619-2335,jbraniganml@unblog.fr,Janeta Branigan,51
815,187-933-8786,fmooneymm@e-recht24.de,Franny Mooney,21
816,158-885-5261,bhempelmn@storify.com,Bentley Hempel,17
817,788-825-4122,sbrutemo@facebook.com,Shirley Brute,42
818,523-629-0175,cdinismp@gravatar.com,Colene Dinis,50
819,788-694-3705,jpereiramq@dedecms.com,Jaymie Pereira,28
820,285-604-3801,pdumpletonmr@answers.com,Pierce Dumpleton,50
821,945-618-4853,dlyalms@senate.gov,Deerdre Lyal,52
822,156-477-5574,dmcknockitermt@dell.com,Dacia McKnockiter,25
823,346-802-8909,hedgermu@quantcast.com,Hubey Edger,59
824,427-943-3657,akahenmv@icq.com,Alyda Kahen,47
825,644-327-9460,iflattmw@mac.com,Irv Flatt,34
826,303-471-5125,ibollansmx@marketwatch.com,Igor Bollans,52
827,898-666-2517,krungemy@japanpost.jp,Kin Runge,31
828,355-728-4970,csallingermz@time.com,Cordula Sallinger,46
829,405-423-3665,ktollertonn0@addtoany.com,Kissee Tollerton,48
830,790-327-6088,ereinan1@alexa.com,Emmalee Reina,55
831,330-544-2264,jmatthewsn2@wikipedia.org,Jennica Matthews,46
832,961-315-8970,tgatlingn3@wikipedia.org,Thurston Gatling,18
833,607-175-9004,gblagdenn4@cbslocal.com,Gertrude Blagden,50
834,896-945-2744,gboswoodn5@pagesperso-orange.fr,Grace Boswood,60
835,895-204-3788,dvallentinn6@vinaora.com,Dyan Vallentin,50
836,513-410-7822,cspargon7@wunderground.com,Chery Spargo,49
837,978-923-7254,ggrinaughn8@g.co,Gregoor Grinaugh,19
838,845-962-2791,ecoathn9@narod.ru,Elysha Coath,60
839,909-707-4862,bpennycuickna@nymag.com,Boy Pennycuick,19
840,201-310-4771,karnoultnb@jimdo.com,Katuscha Arnoult,35
841,958-767-8445,htuxsellnc@sfgate.com,Hedwig Tuxsell,22
842,571-216-8365,dkordovand@rediff.com,Drona Kordova,41
843,948-418-3052,lhacketne@yale.edu,Laney Hacket,43
844,711-760-9092,hgoffordnf@wufoo.com,Hal Gofford,27
845,460-444-0551,jbilofskyng@msu.edu,Jessie Bilofsky,36
846,336-959-9191,kfirebracenh@issuu.com,Kassandra Firebrace,20
847,794-583-7333,cduddingni@mail.ru,Clayton Dudding,16
848,420-342-9013,wthulbornnj@virginia.edu,Wylma Thulborn,29
849,275-843-4216,areedynk@exblog.jp,Arleen Reedy,34
850,762-212-7860,mhamleynl@weather.com,Matthus Hamley,43
851,260-589-0062,tsmithersnm@ow.ly,Tiphani Smithers,55
852,863-305-3276,ltitmannn@sitemeter.com,Lynelle Titman,22
853,708-346-0423,lgrimno@google.fr,Lothario Grim,41
854,165-333-5265,emckerannp@mail.ru,Elsinore McKeran,53
855,344-634-1412,mknivettnq@usa.gov,Meryl Knivett,28
856,182-299-0841,lavrashinnr@about.me,Lorie Avrashin,42
857,796-254-2095,wgavaghanns@mozilla.org,Wendie Gavaghan,54
858,302-349-4383,einesonnt@fema.gov,Emily Ineson,33
859,229-956-6047,dmacknightnu@wiley.com,Dora MacKnight,27
860,458-140-1423,eluckmannv@google.it,Ernestus Luckman,54
861,206-993-2692,mbemlottnw@wisc.edu,Myrle Bemlott,45
862,964-530-3806,mclamonx@virginia.edu,Muffin Clamo,53
863,468-388-5707,gskinnerny@ovh.net,Goddard Skinner,56
864,453-492-9925,rambersonnz@deviantart.com,Randi Amberson,44
865,250-645-9602,dtamletto0@w3.org,Dominick Tamlett,58
866,598-791-3815,wdallino1@list-manage.com,Wade Dallin,52
867,537-713-5259,jfoardo2@reverbnation.com,Jordon Foard,51
868,397-546-0030,rbratcho3@comcast.net,Riva Bratch,39
869,828-497-2634,kbragancao4@smh.com.au,Karla Braganca,25
870,220-638-1780,rdrohuno5@hao123.com,Rosana Drohun,56
871,861-186-5614,bbosseo6@shutterfly.com,Brant Bosse,23
872,463-453-4345,awarhursto7@loc.gov,Anthony Warhurst,16
873,890-950-1935,hcabano8@abc.net.au,Hewie Caban,40
874,676-819-1023,asweatmano9@nifty.com,Amelie Sweatman,32
875,687-460-7435,cseifoa@aol.com,Cleveland Seif,31
876,167-276-8375,joscanlanob@ox.ac.uk,Janel O'Scanlan,36
877,551-214-6109,jyarroc@chron.com,Jeremie Yarr,21
878,593-779-7797,jshuttlewoodod@vk.com,Jessi Shuttlewood,40
879,329-492-5423,qprestwichoe@foxnews.com,Quintus Prestwich,19
880,321-716-5287,adybaldof@vinaora.com,Analise Dybald,45
881,492-705-1826,hbythellog@dedecms.com,Hamnet Bythell,51
882,848-791-8518,ameredythoh@msu.edu,Audre Meredyth,45
883,486-614-8092,aghidellioi@scribd.com,Allyce Ghidelli,49
884,833-594-4468,wcrossfeldoj@narod.ru,Willow Crossfeld,16
885,293-965-7730,bwhelptonok@ustream.tv,Beret Whelpton,16
886,879-111-4723,tstrangeol@bandcamp.com,Tomas Strange,41
887,293-515-5195,wchessorom@imageshack.us,Wynn Chessor,47
888,462-855-5866,jroscheron@live.com,Jermaine Roscher,56
889,660-642-6917,ncolomboo@t-online.de,Nolana Colomb,39
890,113-241-5312,pmowneop@huffingtonpost.com,Pierette Mowne,47
891,719-848-2712,mennsoq@wiley.com,Minetta Enns,54
892,943-425-3547,uswateor@ebay.com,Urbano Swate,31
893,871-897-3037,cpearmainos@salon.com,Cy Pearmain,46
894,481-133-5221,sallabartonot@sitemeter.com,Sheff Allabarton,17
895,549-937-9558,aboveyou@i2i.jp,Addia Bovey,22
896,339-756-0531,ddisbrowov@wunderground.com,Dill Disbrow,56
897,882-886-6429,lsilcockow@bbb.org,Lesly Silcock,53
898,274-866-6263,sshatliffeox@google.ru,Sherri Shatliffe,48
899,907-981-1263,swesthoffoy@sogou.com,Stanfield Westhoff,42
900,866-466-2538,ejeppersonoz@uol.com.br,Eveline Jepperson,51
901,222-713-8376,bkopferp0@purevolume.com,Bryant Kopfer,46
902,774-300-4278,pscawenp1@pbs.org,Pancho Scawen,38
903,798-484-4481,hneashamp2@plala.or.jp,Helaina Neasham,46
904,268-662-7132,bhillittp3@istockphoto.com,Brynn Hillitt,42
905,245-677-7678,dmanifouldp4@businesswire.com,Duane Manifould,53
906,382-506-1335,frymmerp5@businessweek.com,Florence Rymmer,30
907,467-366-8277,ckaasmannp6@seesaa.net,Cammy Kaasmann,58
908,626-207-1702,bkynochp7@psu.edu,Bentley Kynoch,33
909,620-192-8830,cnorcopp8@icio.us,Carola Norcop,24
910,428-438-3489,ncarwithanp9@nsw.gov.au,Novelia Carwithan,55
911,713-529-9284,mvickarpa@nasa.gov,Marijo Vickar,32
912,375-879-3284,fjealouspb@hexun.com,Frasco Jealous,44
913,970-317-9414,ncordetpc@technorati.com,Nan Cordet,47
914,690-569-8099,tpilsburypd@hostgator.com,Truman Pilsbury,58
915,331-417-3227,ehenckepe@mail.ru,Ettore Hencke,53
916,801-835-1227,ncolquitpf@buzzfeed.com,Nataniel Colquit,32
917,794-430-4544,azelakepg@mtv.com,Addie Zelake,38
918,144-366-9294,awengerph@storify.com,Arlena Wenger,52
919,624-377-4000,plunkpi@mail.ru,Pinchas Lunk,17
920,112-932-3974,bshowtepj@yahoo.com,Brett Showte,36
921,354-922-3968,mraisonpk@shareasale.com,Maribelle Raison,38
922,205-426-3922,drothampl@ucoz.com,Dallas Rotham,40
923,662-284-1025,brispinepm@foxnews.com,Bill Rispine,33
924,110-906-5552,amaywardpn@imgur.com,Aloin Mayward,52
925,656-489-8903,mpogosianpo@delicious.com,Maryjo Pogosian,28
926,344-695-0029,ppynerpp@nasa.gov,Pat Pyner,44
927,949-972-6053,mmassiepq@bigcartel.com,Mag Massie,20
928,217-204-2790,tturnpennypr@weather.com,Tabitha Turnpenny,50
929,917-889-1473,nhauxleyps@chronoengine.com,Noel Hauxley,50
930,370-323-6797,ekesterpt@php.net,Elvin Kester,54
931,356-740-8841,ceborallpu@adobe.com,Ciro Eborall,30
932,884-564-7587,dhavillpv@gnu.org,Dulcy Havill,52
933,134-367-3820,dhuddlestonpw@foxnews.com,Darb Huddleston,30
934,601-899-8695,cmaccurleypx@gmpg.org,Cordelie MacCurley,31
935,385-548-1574,bkestianpy@admin.ch,Berty Kestian,54
936,932-946-3372,boveypz@japanpost.jp,Bette-ann Ovey,52
937,830-776-1141,dbrammallq0@nhs.uk,Debby Brammall,21
938,960-351-3167,sesplinq1@microsoft.com,Stesha Esplin,17
939,125-260-1353,emantioneq2@1688.com,Eula Mantione,37
940,808-877-2901,jcoddringtonq3@reuters.com,Jordan Coddrington,34
941,602-271-6993,ddugganq4@wisc.edu,Derry Duggan,31
942,154-138-9800,ttreweekq5@jugem.jp,Traver Treweek,60
943,669-173-8840,cdreweq6@eepurl.com,Cecily Drewe,41
944,604-308-6828,nbrothwoodq7@apple.com,Neall Brothwood,42
945,209-156-8754,moxtebyq8@sitemeter.com,Matthus Oxteby,55
946,391-206-0427,icoryq9@google.fr,Inger Cory,31
947,546-750-7388,nlearmontqa@symantec.com,Ninette Learmont,18
948,255-547-3901,xvynehallqb@linkedin.com,Ximenes Vynehall,42
949,197-421-9933,mcreanyqc@apache.org,Merle Creany,40
950,651-851-7406,opattlelqd@nhs.uk,Ozzy Pattlel,52
951,452-890-7679,caizikowitzqe@ehow.com,Claudius Aizikowitz,59
952,778-278-0507,nlambisqf@alexa.com,Nadine Lambis,24
953,827-681-2178,bmaddicksqg@geocities.jp,Blithe Maddicks,20
954,772-156-4103,eknightsbridgeqh@bing.com,Essie Knightsbridge,59
955,240-832-4748,lgandrichqi@delicious.com,Lorraine Gandrich,21
956,183-806-5539,kdonahueqj@flickr.com,Kerby Donahue,45
957,816-211-3987,wlockhartqk@illinois.edu,Wini Lockhart,42
958,181-543-4323,aashcroftql@google.fr,Arabela Ashcroft,21
959,950-552-2939,lwhitesideqm@boston.com,Laura Whiteside,39
960,597-846-8196,mzecchettiqn@redcross.org,Melosa Zecchetti,55
961,418-662-2887,mgrubyqo@yahoo.com,Maddy Gruby,35
962,136-171-1633,velsworthqp@admin.ch,Vinnie Elsworth,42
963,279-104-4808,cbettlestoneqq@hao123.com,Chryste Bettlestone,45
964,893-818-3852,ggrayshanqr@mtv.com,Godfrey Grayshan,43
965,986-880-1060,gdennittsqs@timesonline.co.uk,Gearard Dennitts,20
966,257-553-4900,mspoltonqt@linkedin.com,Marys Spolton,34
967,848-307-0943,spellissierqu@dyndns.org,Starlene Pellissier,30
968,798-825-0149,hlorentzqv@umich.edu,Harmonie Lorentz,31
969,165-314-0317,esimpkinsqw@wikia.com,Euell Simpkins,54
970,588-889-1376,scaineqx@alibaba.com,Sada Caine,54
971,543-854-3684,nbroadistqy@bing.com,Nesta Broadist,49
972,751-242-3031,condrichqz@imgur.com,Corbie Ondrich,60
973,469-151-0320,zsartenr0@wix.com,Zachery Sarten,54
974,623-381-0781,datherleyr1@wikia.com,Daven Atherley,38
975,638-768-4940,eturpinr2@census.gov,Esme Turpin,17
976,259-879-7969,rjermynr3@chicagotribune.com,Ric Jermyn,49
977,899-805-8360,oangrover4@archive.org,Odelia Angrove,25
978,710-905-0243,whowleyr5@phpbb.com,Whittaker Howley,47
979,624-253-7464,cwiggallr6@sciencedaily.com,Christoforo Wiggall,53
980,109-911-0889,aimesonr7@examiner.com,Alfred Imeson,24
981,947-298-8311,fboumphreyr8@berkeley.edu,Frederique Boumphrey,24
982,369-811-8403,lmackessockr9@cam.ac.uk,Lynnett MacKessock,27
983,989-289-1791,lfauguelra@virginia.edu,Lyndel Fauguel,40
984,388-108-1189,dkemsonrb@squarespace.com,Diane Kemson,60
985,951-129-9565,fjouannotrc@flavors.me,Frederick Jouannot,38
986,373-379-3560,dlitsterrd@so-net.ne.jp,Danya Litster,57
987,403-449-6842,wtuckerre@europa.eu,Wilie Tucker,29
988,941-412-7900,lbraderrf@loc.gov,Lyn Brader,58
989,531-755-1174,mpetelrg@delicious.com,Martguerita Petel,18
990,613-366-9974,fstogglesrh@nba.com,Frederica Stoggles,16
991,780-968-3506,fgaishsonri@buzzfeed.com,Ferne Gaishson,57
992,133-213-7807,jmyhanrj@time.com,Joby Myhan,35
993,584-534-5708,jdovydenasrk@chicagotribune.com,Joannes Dovydenas,52
994,285-228-3600,oslaymakerrl@wikimedia.org,Orazio Slaymaker,35
995,429-469-0282,rsesserrm@sphinn.com,Rafa Sesser,30
996,729-209-5475,xrobetrn@state.tx.us,Xavier Robet,16
997,568-523-1942,hpickardro@blogspot.com,Harriot Pickard,58
998,665-387-9588,lsemanrp@nps.gov,Lethia Seman,21
999,630-200-4423,tgarleerq@a8.net,Trista Garlee,31
1000,213-341-7000,rmcdavidrr@creativecommons.org,Rosalyn McDavid,37
